﻿<?xml version="1.0" encoding="utf-8"?>
<Group xmlns:xsi="http://www.w3.org/2001/XMLSchema-instance" xmlns:xsd="http://www.w3.org/2001/XMLSchema">
  <name>第9期</name>
  <width>421</width>
  <height>610</height>
  <Items>
    <Item name="卡片类型" left="0" top="0" width="421" height="610" image="@cardtype@">
	  <Images>
	    <choice name="通常怪兽" key="0x11" value="cardtype/card-normal.png"></choice>
		<choice name="仪式怪兽" key="0x81" value="cardtype/card-ritual.png"></choice>
		<choice name="同调怪兽" key="0x2001" value="cardtype/card-synchro.png"></choice>
		<choice name="超量怪兽" key="0x800001" value="cardtype/card-xyz.png"></choice>
		<choice name="衍生物" key="0x4001" value="cardtype/card-token.png"></choice>
		<choice name="融合怪兽" key="0x41" value="cardtype/card-fusion.png"></choice>
		<choice name="效果怪兽" key="0x21" value="cardtype/card-effect.png"></choice>
		<choice name="魔法" key="0x2" value="cardtype/card-normal.png"></choice>
		<choice name="陷阱" key="0x4" value="cardtype/card-normal.png"></choice>
	  </Images>
    </Item>
    <Item name="卡片名-黑色" left="31.5" top="31.5" width="315" height="37" align="left" text="@cardname@" visible="is_black">
      <font name="方正隶变_GBK" size="24" color="#000000" style="Regular"/>
    </Item>
	<Item name="卡片名-白色" left="31.5" top="31.5" width="315" height="37" align="left" text="@cardname@" visible="is_white">
      <font name="方正隶变_GBK" size="24" color="#ffffff" style="Regular"/>
    </Item>
	<Item name="属性" left="350" top="29" width="38.5" height="38.5" image="@attribute@" visible="is_monster">
	  <Images>
	    <choice name="地" key="0x1" value="attribute/earth.png"></choice>
		<choice name="水" key="0x2" value="attribute/water.png"></choice>
		<choice name="炎" key="0x4" value="attribute/fire.png"></choice>
		<choice name="风" key="0x8" value="attribute/wind.png"></choice>
		<choice name="光" key="0x10" value="attribute/light.png"></choice>
		<choice name="暗" key="0x20" value="attribute/dark.png"></choice>
		<choice name="神" key="0x40" value="attribute/divine.png"></choice>
	  </Images>
    </Item>
	<Item name="属性-魔陷" left="350" top="29" width="38.5" height="38.5" image="@cardtype@" visible="is_no_monster" >
	  <Images>
		<choice name="魔法" key="0x2" value="attribute/spell.png"></choice>
		<choice name="陷阱" key="0x4" value="attribute/trap.png"></choice>
	  </Images>
    </Item>
	<Item name="星数" left="0" top="75" width="421" height="26" image="@level@" visible="is_no_xyz">
      <Images>
		<choice name="12" key="12" value="level/level-12.png"></choice>
		<choice name="11" key="11" value="level/level-11.png"></choice>
		<choice name="10" key="10" value="level/level-10.png"></choice>
		<choice name="9" key="9" value="level/level-9.png"></choice>
		<choice name="8" key="8" value="level/level-8.png"></choice>
		<choice name="7" key="7" value="level/level-7.png"></choice>
		<choice name="6" key="6" value="level/level-6.png"></choice>
		<choice name="5" key="5" value="level/level-5.png"></choice>
		<choice name="4" key="4" value="level/level-4.png"></choice>
		<choice name="3" key="3" value="level/level-3.png"></choice>
		<choice name="2" key="2" value="level/level-2.png"></choice>
		<choice name="1" key="1" value="level/level-1.png"></choice>
	  </Images>
    </Item>
	<Item name="阶级" left="0" top="72" width="421" height="26" image="@level@" visible="is_xyz">
	  <Images>
		<choice name="1" key="1" value="rank/rank-1.png"></choice>
		<choice name="2" key="2" value="rank/rank-2.png"></choice>
		<choice name="3" key="3" value="rank/rank-3.png"></choice>
		<choice name="4" key="4" value="rank/rank-4.png"></choice>
		<choice name="5" key="5" value="rank/rank-5.png"></choice>
		<choice name="6" key="6" value="rank/rank-6.png"></choice>
		<choice name="7" key="7" value="rank/rank-7.png"></choice>
		<choice name="8" key="8" value="rank/rank-8.png"></choice>
		<choice name="9" key="9" value="rank/rank-9.png"></choice>
		<choice name="10" key="10" value="rank/rank-10.png"></choice>
		<choice name="11" key="11" value="rank/rank-11.png"></choice>
		<choice name="12" key="12" value="rank/rank-12.png"></choice>
	  </Images>
    </Item>
	<Item name="魔陷标志" right="41" top="72" width="338" height="32.5" align="right" image="@cardtype@" visible="is_no_monster">
	  <Images>
	    <choice name="永续魔法" key="0x20002" value="mark/continuousspell.png"></choice>
		<choice name="仪式魔法" key="0x82" value="mark/ritualspell.png"></choice>
		<choice name="场地魔法" key="0x80002" value="mark/fieldspell.png"></choice>
		<choice name="装备魔法" key="0x40002" value="mark/equipspell.png"></choice>
		<choice name="速攻魔法" key="0x10002" value="mark/quickspell.png"></choice>
		<choice name="通常魔法" key="0x2" value="mark/normalspell.png"></choice>
		<choice name="反击陷阱" key="0x100004" value="mark/countertrap.png"></choice>
		<choice name="永续陷阱" key="0x20004" value="mark/continuoustrap.png"></choice>
		<choice name="通常陷阱" key="0x4" value="mark/normaltrap.png"></choice>
	  </Images>
    </Item>
	<Item name="卡片图片" left="52" top="112.5" width="319" height="317.5" image="@input@" visible="is_no_pendulum">
    </Item>
	<Item name="卡片图片-P" left="55" top="114" width="363" height="275" image="@input@" visible="is_pendulum">
    </Item>
	<Item name="种族效果" left="24" top="463" width="300" height="24" align="left" text="@monstertype@" visible="is_has_race">
      <font name="方正隶变_GBK" size="13.5" color="#000000" style="Regular"/>
    </Item>
	<Item name="攻击力" left="244" top="556" width="60" height="30" align="right" text="@atk@" visible="is_has_race">
      <font name="MatrixBoldSmallCaps" size="15" color="#000000" style="Regular"/>
    </Item>
	<Item name="防御力" left="330" top="556" width="60" height="30" align="right" text="@def@" visible="is_has_race">
      <font name="MatrixBoldSmallCaps" size="15" color="#000000" style="Regular"/>
    </Item>
	<Item name="描述-怪兽" left="34" top="479" width="356" height="73" align="left" multiline="true" text="@rule@" visible="is_no_pendulum">
      <font name="方正隶变_GBK" size="11.5" color="#000000" style="Regular"/>
    </Item>
	<Item name="描述-魔陷" left="34" top="461" width="353" height="110" align="left" multiline="true" text="@rule@" visible="is_no_monster">
      <font name="方正隶变_GBK" size="11.5" color="#000000" style="Regular"/>
    </Item>
	<Item name="描述-P怪兽" left="67" top="387" width="288" height="63" align="left" multiline="true" text="@prule@" visible="is_pendulum">
      <font name="方正隶变_GBK" size="9" color="#000000" style="Regular"/>
    </Item>
	<Item name="P左刻度" left="32.5" top="408" width="30" height="36" align="left" text="@pscale1@" visible="is_pendulum">
      <font name="MatrixBoldSmallCaps" size="21" color="#000000" style="Regular"/>
    </Item>
	<Item name="P右刻度" left="361.5" top="408" width="30" height="36" align="left" text="@pscale2@" visible="is_pendulum">
      <font name="MatrixBoldSmallCaps" size="21" color="#000000" style="Regular"/>
    </Item>
	<Item name="卡片密码-黑色" left="18.5" top="580" width="80" height="25" align="left" text="@cardcode@" visible="is_black">
      <font name="Palatino Linotype" size="8" color="#000000" style="Regular"/>
    </Item>
	<Item name="卡片密码-白色" left="18.5" top="580" width="80" height="25" align="left" text="@cardcode@" visible="is_white">
      <font name="Palatino Linotype" size="8" color="#ffffff" style="Regular"/>
    </Item>
  </Items>
</Group>